{
    "activations": {
        "heap_overlay_pool": {
            "buffer_c_name": "NULL",
            "buffer_data_size": 0,
            "buffer_offsets": [
                {
                    "buffer_name": "conv2d_conv2d_scratch0_array",
                    "offset": 0,
                    "size": 2048,
                    "start_offset": 0
                },
                {
                    "buffer_name": "conv2d_conv2d_output_array",
                    "offset": 2048,
                    "size": 22528,
                    "start_offset": 2048
                },
                {
                    "buffer_name": "dense_dense_output_array",
                    "offset": 0,
                    "size": 256,
                    "start_offset": 0
                },
                {
                    "buffer_name": "dense_output_array",
                    "offset": 256,
                    "size": 256,
                    "start_offset": 256
                },
                {
                    "buffer_name": "dense_1_dense_output_array",
                    "offset": 0,
                    "size": 256,
                    "start_offset": 0
                },
                {
                    "buffer_name": "dense_1_output_array",
                    "offset": 256,
                    "size": 256,
                    "start_offset": 256
                },
                {
                    "buffer_name": "dense_2_dense_output_array",
                    "offset": 0,
                    "size": 24,
                    "start_offset": 0
                }
            ],
            "pool_id": 0,
            "pool_size": 24576
        }
    },
    "activations_alignment": 4,
    "c_activations_count": 1,
    "c_arrays": [
        {
            "c_bits": 32,
            "c_id": 0,
            "c_mem_pool": "",
            "c_size_in_byte": 1080,
            "c_type": "float",
            "conv_type": "",
            "format": "float",
            "io_type": "input",
            "mem_pool": "user",
            "name": "input_0_output_array",
            "offset": "NULL",
            "size": 270,
            "tensors": [
                {
                    "name": "input_0_output",
                    "shape": [
                        1,
                        90,
                        3,
                        1
                    ]
                }
            ]
        },
        {
            "c_bits": 32,
            "c_id": 1,
            "c_mem_pool": "**default**",
            "c_size_in_byte": 22528,
            "c_type": "float",
            "conv_type": "",
            "format": "float",
            "mem_pool": "activations",
            "name": "conv2d_conv2d_output_array",
            "offset": 2048,
            "size": 5632,
            "tensors": [
                {
                    "name": "conv2d_conv2d_output",
                    "shape": [
                        1,
                        44,
                        1,
                        128
                    ]
                },
                {
                    "name": "conv2d_conv2d_output0",
                    "shape": [
                        1,
                        1,
                        1,
                        5632
                    ]
                }
            ]
        },
        {
            "c_bits": 32,
            "c_id": 2,
            "c_mem_pool": "**default**",
            "c_size_in_byte": 256,
            "c_type": "float",
            "conv_type": "",
            "format": "float",
            "mem_pool": "activations",
            "name": "dense_dense_output_array",
            "offset": 0,
            "size": 64,
            "tensors": [
                {
                    "name": "dense_dense_output",
                    "shape": [
                        1,
                        1,
                        1,
                        64
                    ]
                }
            ]
        },
        {
            "c_bits": 32,
            "c_id": 3,
            "c_mem_pool": "**default**",
            "c_size_in_byte": 256,
            "c_type": "float",
            "conv_type": "",
            "format": "float",
            "mem_pool": "activations",
            "name": "dense_output_array",
            "offset": 256,
            "size": 64,
            "tensors": [
                {
                    "name": "dense_output",
                    "shape": [
                        1,
                        1,
                        1,
                        64
                    ]
                }
            ]
        },
        {
            "c_bits": 32,
            "c_id": 4,
            "c_mem_pool": "**default**",
            "c_size_in_byte": 256,
            "c_type": "float",
            "conv_type": "",
            "format": "float",
            "mem_pool": "activations",
            "name": "dense_1_dense_output_array",
            "offset": 0,
            "size": 64,
            "tensors": [
                {
                    "name": "dense_1_dense_output",
                    "shape": [
                        1,
                        1,
                        1,
                        64
                    ]
                }
            ]
        },
        {
            "c_bits": 32,
            "c_id": 5,
            "c_mem_pool": "**default**",
            "c_size_in_byte": 256,
            "c_type": "float",
            "conv_type": "",
            "format": "float",
            "mem_pool": "activations",
            "name": "dense_1_output_array",
            "offset": 256,
            "size": 64,
            "tensors": [
                {
                    "name": "dense_1_output",
                    "shape": [
                        1,
                        1,
                        1,
                        64
                    ]
                }
            ]
        },
        {
            "c_bits": 32,
            "c_id": 6,
            "c_mem_pool": "**default**",
            "c_size_in_byte": 24,
            "c_type": "float",
            "conv_type": "",
            "format": "float",
            "mem_pool": "activations",
            "name": "dense_2_dense_output_array",
            "offset": 0,
            "size": 6,
            "tensors": [
                {
                    "name": "dense_2_dense_output",
                    "shape": [
                        1,
                        1,
                        1,
                        6
                    ]
                }
            ]
        },
        {
            "c_bits": 32,
            "c_id": 7,
            "c_mem_pool": "",
            "c_size_in_byte": 24,
            "c_type": "float",
            "conv_type": "",
            "format": "float",
            "io_type": "output",
            "mem_pool": "user",
            "name": "dense_2_output_array",
            "offset": "NULL",
            "size": 6,
            "tensors": [
                {
                    "name": "dense_2_output",
                    "shape": [
                        1,
                        1,
                        1,
                        6
                    ]
                }
            ]
        },
        {
            "c_bits": 32,
            "c_id": 8,
            "c_mem_pool": "",
            "c_size_in_byte": 2048,
            "c_type": "const float",
            "conv_type": "",
            "format": "float",
            "mem_pool": "weights",
            "name": "conv2d_conv2d_weights_array",
            "offset": "NULL",
            "size": 512,
            "tensors": [
                {
                    "name": "conv2d_conv2d_weights",
                    "shape": [
                        1,
                        128,
                        2,
                        2
                    ]
                }
            ]
        },
        {
            "c_bits": 32,
            "c_id": 9,
            "c_mem_pool": "",
            "c_size_in_byte": 512,
            "c_type": "const float",
            "conv_type": "",
            "format": "float",
            "mem_pool": "weights",
            "name": "conv2d_conv2d_bias_array",
            "offset": "NULL",
            "size": 128,
            "tensors": [
                {
                    "name": "conv2d_conv2d_bias",
                    "shape": [
                        1,
                        1,
                        1,
                        128
                    ]
                }
            ]
        },
        {
            "c_bits": 32,
            "c_id": 10,
            "c_mem_pool": "",
            "c_size_in_byte": 1441792,
            "c_type": "const float",
            "conv_type": "",
            "format": "float",
            "mem_pool": "weights",
            "name": "dense_dense_weights_array",
            "offset": "NULL",
            "size": 360448,
            "tensors": [
                {
                    "name": "dense_dense_weights",
                    "shape": [
                        5632,
                        1,
                        1,
                        64
                    ]
                }
            ]
        },
        {
            "c_bits": 32,
            "c_id": 11,
            "c_mem_pool": "",
            "c_size_in_byte": 256,
            "c_type": "const float",
            "conv_type": "",
            "format": "float",
            "mem_pool": "weights",
            "name": "dense_dense_bias_array",
            "offset": "NULL",
            "size": 64,
            "tensors": [
                {
                    "name": "dense_dense_bias",
                    "shape": [
                        1,
                        1,
                        1,
                        64
                    ]
                }
            ]
        },
        {
            "c_bits": 32,
            "c_id": 12,
            "c_mem_pool": "",
            "c_size_in_byte": 16384,
            "c_type": "const float",
            "conv_type": "",
            "format": "float",
            "mem_pool": "weights",
            "name": "dense_1_dense_weights_array",
            "offset": "NULL",
            "size": 4096,
            "tensors": [
                {
                    "name": "dense_1_dense_weights",
                    "shape": [
                        64,
                        1,
                        1,
                        64
                    ]
                }
            ]
        },
        {
            "c_bits": 32,
            "c_id": 13,
            "c_mem_pool": "",
            "c_size_in_byte": 256,
            "c_type": "const float",
            "conv_type": "",
            "format": "float",
            "mem_pool": "weights",
            "name": "dense_1_dense_bias_array",
            "offset": "NULL",
            "size": 64,
            "tensors": [
                {
                    "name": "dense_1_dense_bias",
                    "shape": [
                        1,
                        1,
                        1,
                        64
                    ]
                }
            ]
        },
        {
            "c_bits": 32,
            "c_id": 14,
            "c_mem_pool": "",
            "c_size_in_byte": 1536,
            "c_type": "const float",
            "conv_type": "",
            "format": "float",
            "mem_pool": "weights",
            "name": "dense_2_dense_weights_array",
            "offset": "NULL",
            "size": 384,
            "tensors": [
                {
                    "name": "dense_2_dense_weights",
                    "shape": [
                        64,
                        1,
                        1,
                        6
                    ]
                }
            ]
        },
        {
            "c_bits": 32,
            "c_id": 15,
            "c_mem_pool": "",
            "c_size_in_byte": 24,
            "c_type": "const float",
            "conv_type": "",
            "format": "float",
            "mem_pool": "weights",
            "name": "dense_2_dense_bias_array",
            "offset": "NULL",
            "size": 6,
            "tensors": [
                {
                    "name": "dense_2_dense_bias",
                    "shape": [
                        1,
                        1,
                        1,
                        6
                    ]
                }
            ]
        },
        {
            "c_bits": 32,
            "c_id": 16,
            "c_mem_pool": "**default**",
            "c_size_in_byte": 2048,
            "c_type": "float",
            "conv_type": "",
            "format": "float",
            "mem_pool": "activations",
            "name": "conv2d_conv2d_scratch0_array",
            "offset": 0,
            "size": 512,
            "tensors": [
                {
                    "name": "conv2d_conv2d_scratch0",
                    "shape": [
                        1,
                        2,
                        2,
                        128
                    ]
                }
            ]
        }
    ],
    "c_arrays_n": 17,
    "c_intq_n": 0,
    "c_layers": [
        {
            "c_forward": "forward_conv2d_nl_pool",
            "c_id": 0,
            "layer_type": "optimized_conv2d",
            "m_id": 1,
            "macc": 136576,
            "name": "conv2d_conv2d",
            "next": "dense_dense",
            "rom": 2560,
            "tensors": {
                "inputs": [
                    "input_0_output"
                ],
                "outputs": [
                    "conv2d_conv2d_output"
                ],
                "scratchs": [
                    "conv2d_conv2d_scratch0"
                ],
                "weights": [
                    "conv2d_conv2d_weights",
                    "conv2d_conv2d_bias"
                ]
            }
        },
        {
            "c_forward": "forward_dense",
            "c_id": 1,
            "layer_type": "dense",
            "m_id": 4,
            "macc": 360512,
            "name": "dense_dense",
            "next": "dense",
            "rom": 1442048,
            "tensors": {
                "inputs": [
                    "conv2d_conv2d_output0"
                ],
                "outputs": [
                    "dense_dense_output"
                ],
                "scratchs": [],
                "weights": [
                    "dense_dense_weights",
                    "dense_dense_bias"
                ]
            }
        },
        {
            "c_forward": "forward_relu",
            "c_id": 2,
            "layer_type": "nl",
            "m_id": 4,
            "macc": 64,
            "name": "dense",
            "next": "dense_1_dense",
            "rom": 0,
            "tensors": {
                "inputs": [
                    "dense_dense_output"
                ],
                "outputs": [
                    "dense_output"
                ],
                "scratchs": [],
                "weights": []
            }
        },
        {
            "c_forward": "forward_dense",
            "c_id": 3,
            "layer_type": "dense",
            "m_id": 5,
            "macc": 4160,
            "name": "dense_1_dense",
            "next": "dense_1",
            "rom": 16640,
            "tensors": {
                "inputs": [
                    "dense_output"
                ],
                "outputs": [
                    "dense_1_dense_output"
                ],
                "scratchs": [],
                "weights": [
                    "dense_1_dense_weights",
                    "dense_1_dense_bias"
                ]
            }
        },
        {
            "c_forward": "forward_relu",
            "c_id": 4,
            "layer_type": "nl",
            "m_id": 5,
            "macc": 64,
            "name": "dense_1",
            "next": "dense_2_dense",
            "rom": 0,
            "tensors": {
                "inputs": [
                    "dense_1_dense_output"
                ],
                "outputs": [
                    "dense_1_output"
                ],
                "scratchs": [],
                "weights": []
            }
        },
        {
            "c_forward": "forward_dense",
            "c_id": 5,
            "layer_type": "dense",
            "m_id": 6,
            "macc": 390,
            "name": "dense_2_dense",
            "next": "dense_2",
            "rom": 1560,
            "tensors": {
                "inputs": [
                    "dense_1_output"
                ],
                "outputs": [
                    "dense_2_dense_output"
                ],
                "scratchs": [],
                "weights": [
                    "dense_2_dense_weights",
                    "dense_2_dense_bias"
                ]
            }
        },
        {
            "c_forward": "forward_sm",
            "c_id": 6,
            "layer_type": "nl",
            "m_id": 6,
            "macc": 90,
            "name": "dense_2",
            "next": "dense_2",
            "rom": 0,
            "tensors": {
                "inputs": [
                    "dense_2_dense_output"
                ],
                "outputs": [
                    "dense_2_output"
                ],
                "scratchs": [],
                "weights": []
            }
        }
    ],
    "c_name": "network",
    "c_nodes_n": 7,
    "c_tensors_n": 18,
    "c_weights_count": 1,
    "c_weights_header": 0,
    "data_alignment": 4,
    "date_time": "Fri Jan 26 10:10:34 2024",
    "inputs": [
        "input_0_output"
    ],
    "macc": 501856,
    "memory_footprint": {
        "activations": 24576,
        "io": [
            1080,
            24
        ],
        "series": "generic",
        "weights": 1462808
    },
    "memory_pools": [],
    "model_name": "model",
    "outputs": [
        "dense_2_output"
    ],
    "params_alignment": 4,
    "stm_ai_version": {
        "extra": "RC3",
        "major": 7,
        "micro": 0,
        "minor": 1
    },
    "tool_api_version": {
        "major": 1,
        "micro": 0,
        "minor": 5
    },
    "tool_version": {
        "major": 1,
        "micro": 0,
        "minor": 6
    },
    "version": "1.2",
    "weights": {
        "network_weights_array": {
            "buffer_c_count": 182851,
            "buffer_c_data": [],
            "buffer_c_name": "s_network_network_weights_array_u64",
            "buffer_c_type": "u64",
            "buffer_crc": 0,
            "buffer_data_size": 1462808,
            "buffer_offsets": [
                {
                    "buffer_name": "conv2d_conv2d_weights_array",
                    "offset": 0,
                    "size": 2048,
                    "start_offset": 0
                },
                {
                    "buffer_name": "conv2d_conv2d_bias_array",
                    "offset": 2048,
                    "size": 512,
                    "start_offset": 2048
                },
                {
                    "buffer_name": "dense_dense_weights_array",
                    "offset": 2560,
                    "size": 1441792,
                    "start_offset": 2560
                },
                {
                    "buffer_name": "dense_dense_bias_array",
                    "offset": 1444352,
                    "size": 256,
                    "start_offset": 1444352
                },
                {
                    "buffer_name": "dense_1_dense_weights_array",
                    "offset": 1444608,
                    "size": 16384,
                    "start_offset": 1444608
                },
                {
                    "buffer_name": "dense_1_dense_bias_array",
                    "offset": 1460992,
                    "size": 256,
                    "start_offset": 1460992
                },
                {
                    "buffer_name": "dense_2_dense_weights_array",
                    "offset": 1461248,
                    "size": 1536,
                    "start_offset": 1461248
                },
                {
                    "buffer_name": "dense_2_dense_bias_array",
                    "offset": 1462784,
                    "size": 24,
                    "start_offset": 1462784
                }
            ],
            "pool_id": 0,
            "pool_size": 1462808
        }
    }
}