{
    "_allocate_inputs": 0,
    "_allocate_outputs": 0,
    "cli_parameters": "generate --name network -m E:/\u627e\u5de5\u4f5c\u5b66\u4e60\u8d44\u6599/STM32CUBEAI/HAR-ON-STM32F401C-main/1.Modelfile/model/model.h5 --type keras --compression 1 --verbosity 1 --workspace C:\\Users\\wg\\AppData\\Local\\Temp\\mxAI_workspace372010062190330012987902465422506704 --output C:\\Users\\wg\\.stm32cubemx\\network_output",
    "cli_version": {
        "major": 1,
        "micro": 0,
        "minor": 6
    },
    "cli_version_str": "1.6.0",
    "compression": {
        "factor": null,
        "layers": {}
    },
    "date_time": "Fri Jan 26 10:47:00 2024",
    "error": 0,
    "error_str": [],
    "exec_cmd": "generate",
    "exec_duration": 0.0,
    "hash": "5e7cf488ebefe83f7df3c10780a6e34c",
    "inputs": [
        "input_0"
    ],
    "layers": [
        {
            "extras": {
                "n_macc": 0,
                "n_params": 0,
                "psize": 0,
                "rom_output": {
                    "c_size": 1080,
                    "fmt": {
                        "format": "float"
                    },
                    "shape": [
                        90,
                        3,
                        1,
                        1
                    ]
                },
                "rom_size": 0
            },
            "id": 0,
            "inputs": [],
            "name": "input_0",
            "type": "Input"
        },
        {
            "extras": {
                "n_macc": 91264,
                "n_params": 640,
                "psize": 2560,
                "rom_output": {
                    "c_size": 22528,
                    "fmt": {
                        "format": "float"
                    },
                    "shape": [
                        44,
                        1,
                        128,
                        1
                    ]
                },
                "rom_size": 2560
            },
            "id": 0,
            "inputs": [
                "input_0"
            ],
            "name": "conv2d_conv2d",
            "type": "Conv2D"
        },
        {
            "extras": {
                "n_macc": 22784,
                "n_params": 0,
                "psize": 0,
                "rom_size": 0
            },
            "id": 0,
            "inputs": [
                "conv2d_conv2d"
            ],
            "name": "conv2d",
            "type": "Nonlinearity"
        },
        {
            "extras": {
                "n_macc": 22528,
                "n_params": 0,
                "psize": 0,
                "rom_size": 0
            },
            "id": 1,
            "inputs": [
                "conv2d"
            ],
            "name": "max_pooling2d",
            "type": "Pool"
        },
        {
            "extras": {
                "n_macc": 0,
                "n_params": 0,
                "psize": 0,
                "rom_size": 0
            },
            "id": 3,
            "inputs": [
                "max_pooling2d"
            ],
            "name": "flatten",
            "type": "Reshape"
        },
        {
            "extras": {
                "n_macc": 360512,
                "n_params": 360512,
                "psize": 1442048,
                "rom_output": {
                    "c_size": 256,
                    "fmt": {
                        "format": "float"
                    },
                    "shape": [
                        1,
                        1,
                        64,
                        1
                    ]
                },
                "rom_size": 1442048
            },
            "id": 4,
            "inputs": [
                "flatten"
            ],
            "name": "dense_dense",
            "type": "Dense"
        },
        {
            "extras": {
                "n_macc": 64,
                "n_params": 0,
                "psize": 0,
                "rom_output": {
                    "c_size": 256,
                    "fmt": {
                        "format": "float"
                    },
                    "shape": [
                        1,
                        1,
                        64,
                        1
                    ]
                },
                "rom_size": 0
            },
            "id": 4,
            "inputs": [
                "dense_dense"
            ],
            "name": "dense",
            "type": "Nonlinearity"
        },
        {
            "extras": {
                "n_macc": 4160,
                "n_params": 4160,
                "psize": 16640,
                "rom_output": {
                    "c_size": 256,
                    "fmt": {
                        "format": "float"
                    },
                    "shape": [
                        1,
                        1,
                        64,
                        1
                    ]
                },
                "rom_size": 16640
            },
            "id": 5,
            "inputs": [
                "dense"
            ],
            "name": "dense_1_dense",
            "type": "Dense"
        },
        {
            "extras": {
                "n_macc": 64,
                "n_params": 0,
                "psize": 0,
                "rom_output": {
                    "c_size": 256,
                    "fmt": {
                        "format": "float"
                    },
                    "shape": [
                        1,
                        1,
                        64,
                        1
                    ]
                },
                "rom_size": 0
            },
            "id": 5,
            "inputs": [
                "dense_1_dense"
            ],
            "name": "dense_1",
            "type": "Nonlinearity"
        },
        {
            "extras": {
                "n_macc": 390,
                "n_params": 390,
                "psize": 1560,
                "rom_output": {
                    "c_size": 24,
                    "fmt": {
                        "format": "float"
                    },
                    "shape": [
                        1,
                        1,
                        6,
                        1
                    ]
                },
                "rom_size": 1560
            },
            "id": 6,
            "inputs": [
                "dense_1"
            ],
            "name": "dense_2_dense",
            "type": "Dense"
        },
        {
            "extras": {
                "n_macc": 90,
                "n_params": 0,
                "psize": 0,
                "rom_output": {
                    "c_size": 24,
                    "fmt": {
                        "format": "float"
                    },
                    "shape": [
                        1,
                        1,
                        6,
                        1
                    ]
                },
                "rom_size": 0
            },
            "id": 6,
            "inputs": [
                "dense_2_dense"
            ],
            "name": "dense_2",
            "type": "Nonlinearity"
        }
    ],
    "model_files": [
        "E:\\\u627e\u5de5\u4f5c\u5b66\u4e60\u8d44\u6599\\STM32CUBEAI\\HAR-ON-STM32F401C-main\\1.Modelfile\\model\\model.h5"
    ],
    "model_n_params": 365702,
    "model_name": "model",
    "model_size": 1462808,
    "model_type": "keras",
    "name": "network",
    "outputs": [
        "dense_2"
    ],
    "ram_io_size": [
        1080,
        24
    ],
    "ram_size": [
        24576,
        24576
    ],
    "report_version": 1.1,
    "rom_cfact": 1.0,
    "rom_heap_inspector": 2048,
    "rom_inputs": [
        {
            "c_size": 1080,
            "c_type": "float",
            "name": "input_0"
        }
    ],
    "rom_n_macc": 501856,
    "rom_outputs": [
        {
            "c_size": 24,
            "c_type": "float",
            "name": "dense_2"
        }
    ],
    "rom_size": 1462808,
    "strategy": "heap_overlay",
    "tools_api_version": {
        "major": 1,
        "micro": 0,
        "minor": 6
    },
    "tools_version": {
        "extra": "RC3",
        "major": 7,
        "micro": 0,
        "minor": 1
    },
    "val_error": -1.0,
    "val_error_desc": "None (None) #-1",
    "val_metrics": []
}